{
    "LogisticRegression": [
        0.4019137197048724,
        0.3343687689114075,
        0.06311522973430107,
        0.016156737096872403,
        0.012146017648344826,
        0.0913334047044524
    ],
    "SVC": [
        0.10530333333333344,
        0.1514650000000001,
        0.00762666666666667,
        0.0025,
        0.15146500000000018,
        0.024606666666666655
    ],
    "GaussianNB": [
        0.08883166666666673,
        0.11676666666666674,
        0.00786166666666667,
        0.0010333333333333342,
        0.11676666666666684,
        0.012883333333333335
    ],
    "KNeighbors": [
        0.08055166666666676,
        0.07860666666666673,
        0.04564333333333338,
        0.0008416666666666666,
        0.14972166666666686,
        0.03135833333333335
    ],
    "DecisionTree": [
        0.15767509546353747,
        0.15767509546353747,
        0.13625723107396526,
        0.13625723107396523,
        0.029117138890710527,
        0.029117138890710503,
        0.0,
        0.0,
        0.13495024289449825,
        0.13495024289449828,
        0.0,
        0.0
    ],
    "RandomForest": [
        0.4506633333333339,
        0.2635416666666669,
        0.07607333333333337,
        0.0002849999999999971,
        0.06664500000000001,
        0.03847833333333324
    ],
    "AdaBoost": [
        0.5100000000000003,
        0.20500000000000015,
        0.0,
        0.0,
        0.03166666666666671,
        0.0
    ],
    "XGB": [
        0.44916666666666694,
        0.2558333333333335,
        0.0008333333333333373,
        0.0,
        0.09583333333333342,
        0.0
    ],
    "LGBM": [
        0.5033333333333336,
        0.2433333333333335,
        0.0,
        0.0,
        0.03666666666666671,
        0.0
    ],
    "CatBoost": [
        0.37211833333333366,
        0.21637000000000023,
        0.008970000000000004,
        3.000000000000077e-05,
        0.08498833333333343,
        0.047583333333333346
    ],
    "MLP": [
        0.06851000000000006,
        0.4026016666666672,
        0.015623333333333343,
        0.009633333333333336,
        0.5776566666666674,
        0.031898333333333286
    ]
}