{
    "LogisticRegression": [
        0.3955109932553186,
        0.39206587648118135,
        0.06242408663109971,
        0.014948265704260373,
        0.02006515219094819,
        0.08547428062907235
    ],
    "SVC": [
        0.10266800000000059,
        0.16704183333333422,
        0.0034618333333333385,
        0.001144333333333332,
        0.1670418333333343,
        0.021676500000000046
    ],
    "GaussianNB": [
        0.09052183333333383,
        0.13300533333333348,
        0.005155166666666668,
        0.00044066666666666966,
        0.13300533333333356,
        0.00812900000000001
    ],
    "KNeighbors": [
        0.07072433333333353,
        0.11363600000000021,
        0.07217100000000005,
        0.000618666666666667,
        0.16885916666666662,
        0.02256249999999999
    ],
    "DecisionTree": [
        0.14176396622602966,
        0.14176396622602966,
        0.17060006541956532,
        0.1706000654195653,
        0.027530748690534842,
        0.02753074869053484,
        0.0,
        0.0,
        0.12550093719508496,
        0.12550093719508496,
        0.0,
        0.0
    ],
    "RandomForest": [
        0.3697288333333333,
        0.32238183333333353,
        0.09560183333333311,
        0.00023316666666666811,
        0.1561048333333337,
        0.017118499999999953
    ],
    "AdaBoost": [
        0.4023333333333335,
        0.2663333333333333,
        0.0,
        0.0,
        0.026000000000000037,
        0.0
    ],
    "XGB": [
        0.35767333333333373,
        0.30149333333333334,
        0.009480000000000021,
        0.0,
        0.09117333333333344,
        0.0
    ],
    "LGBM": [
        0.4030000000000002,
        0.28600000000000003,
        0.0,
        0.0,
        0.028666666666666712,
        0.0
    ],
    "CatBoost": [
        0.37330050000000026,
        0.246561166666668,
        0.007692666666666674,
        3.0000000000000767e-06,
        0.06909266666666693,
        0.035926000000000076
    ],
    "MLP": [
        0.081715,
        0.11529500000000018,
        0.020340833333333384,
        0.003886166666666687,
        0.1153021666666669,
        0.044239166666666795
    ]
}